https://www.skypixel.com/users/kinenem,,Uganda,1
https://www.skypixel.com/users/kinenem,Kinene Michael,Uganda,1
https://www.skypixel.com/users/djiuser_gncifiorcpbg,,China,182
https://www.skypixel.com/users/djiuser-otig4rabktdz,Kyler H,United States,53
https://www.skypixel.com/users/djiuser-y79d42mpki2e,Skymaster,Germany,25
https://www.skypixel.com/users/djiuser-ykwytloimqxu,Nisko,United Kingdom,1
https://www.skypixel.com/users/contact-de7aa34c-63cf-4fbd-a105-cb5ea91833ba,,France,623
https://www.skypixel.com/users/3df2129,,China,27
https://www.skypixel.com/users/djiuser-qxhn5llhvkjo,djiuser_QXHN5LlHVKJO,,6
https://www.skypixel.com/users/djiuser-vhaue7iuktvj,mohammad jafari,"Iran, Islamic Republic of",1
https://www.skypixel.com/users/berloon,,China,801,https://weibo.com/1844537840/profile?topnav=1&wvr=6&is_all=1
https://www.skypixel.com/users/efdr13,efdr13,Philippines,6
https://www.skypixel.com/users/djiuser-kysir1ooirnn,97,China,5
https://www.skypixel.com/users/g_boy185,DroneNomics,United States,5,https://www.instagram.com/DroneNomics/
https://www.skypixel.com/users/djiuser-4pgbqiicsg9u,JuBBz,Australia,3
https://www.skypixel.com/users/dany-fa,Dany Faddoul,Lebanon,649,https://www.facebook.com/dan111,https://www.instagram.com/dany_111/
https://www.skypixel.com/users/bafa34d9-0415-4c5f-8bb9-6ba08512021a,,,2
https://www.skypixel.com/users/norman-nollau,Norman Nollau,Germany,16878,https://www.facebook.com/nn.aerialphotography/,https://www.instagram.com/norman_nollau/,http://www.skypixel.photography/
https://www.skypixel.com/users/orean-j,Orean,Antigua and Barbuda,1
https://www.skypixel.com/users/djiuser-s5wznfcx3cl9,creativeconnect,United States,1
https://www.skypixel.com/users/djiuser-iopmsdd5flyo,Ancalxt,United States,1
https://www.skypixel.com/users/691768739,,China,8
https://www.skypixel.com/users/c-alex,Charlie Alexanders,United States,1
https://www.skypixel.com/users/djiuser-tlfudu0bh5u8,Claudio,Chile,3
https://www.skypixel.com/users/djiuser-pk0k1vmtorav,David,Germany,1
https://www.skypixel.com/users/djiuser-cprujn0giqyk,Dylanwoods,,2
https://www.skypixel.com/users/djiuser_wljchur5hrag,kenny,United States,3
https://www.skypixel.com/users/djiuser-93oayszgbepa,Mikael Chandra,Indonesia,1
https://www.skypixel.com/users/djiuser-iczyzaorcgef,toxic-RD,China,4
https://www.skypixel.com/users/djiuser-zpjdqh6lcxft,Ian Parkinson,United Kingdom,8
https://www.skypixel.com/users/ricsoniq,Richard Mu,Mexico,2
https://www.skypixel.com/users/djiuser-tpmfbewh8nnt,Shawn,United States,2
https://www.skypixel.com/users/djiuser-dhet78hehzmn,djiuser_DHet78HeHzmn,Australia,2
https://www.skypixel.com/users/oxtreme,Craig Oxtreme,United States,2
https://www.skypixel.com/users/djiuser-04x6bkquytuc,djiuser_04X6BKquYTuc,Mexico,1
https://www.skypixel.com/users/phoenix-8f71fce1-1555-47d4-9748-5e8418cd452b,Scott Bailey,United States,2
https://www.skypixel.com/users/djiuser-mxt0g4pskpz7,DJIuser Cool_runnings,United States,4
https://www.skypixel.com/users/903410d,,China,12
https://www.skypixel.com/users/djiuser-vnhtfaa2ke2x,lucianosilvacrc,Brazil,33
https://www.skypixel.com/users/djiuser-t0keueudxucj,djiuser_t0kEuEUdxucJ,China,1
https://www.skypixel.com/users/edison-lee,edison lee,,1
https://www.skypixel.com/users/6097558d-d635-44df-a21a-ae55173033c7, ,,2
https://www.skypixel.com/users/djiuser-agty3npmblzu,doles marsal,Indonesia,5
https://www.skypixel.com/users/djiuser-3pbx6h2b6nkj,Oscar's fly,China,2
https://www.skypixel.com/users/aciskj,,Italy,1603
https://www.skypixel.com/users/djiuser-fsc41swmcz4y,,China,6
https://www.skypixel.com/users/djiuser-uizq4t5vtkdl,rezekinajmi,Malaysia,2
https://www.skypixel.com/users/djiuser-9ya46qa3xcyj,ninohuo,China,18,https://www.instagram.com/ninohuo/
https://www.skypixel.com/users/chrisal-313e0152-aba3-4163-ad30-7f12912eb33c,Chris Brake Photo Video,United States,329,https://www.facebook.com/chrisbrakephotovideo,http://www.instagram.com/chrisbrakephotovideo/,https://www.chrisbrakephotovideo.com/
https://www.skypixel.com/users/djiuser-cbkddvfmokcv,djiuser_CbkdDVFMoKCV,Philippines,4
https://www.skypixel.com/users/djiuser-ri61cnveesmc,djiuser_Ri61cNVEEsMC,China,1
https://www.skypixel.com/users/djiuser-ydjie7n6xbx8,Aleizquierdo.v,,2
https://www.skypixel.com/users/2b2a893e-5cb8-44c8-b1cf-ac507889593e,,,1
https://www.skypixel.com/users/djiuser-0jvbtt4lvzdc,Alex Toro,Colombia,6
https://www.skypixel.com/users/djiuser-2w7ucpk0uujn,Rizal Bujal,,3
https://www.skypixel.com/users/asmanam,Asman Amanullah,Indonesia,2
https://www.skypixel.com/users/9d88908,,China,1
https://www.skypixel.com/users/djiuser-gpsthei6opur,Charelle,Belgium,17
https://www.skypixel.com/users/djiuser-maeqrnad3zbr,Sulastri Musani,Malaysia,1
https://www.skypixel.com/users/djiuser-scvvbfznkzgb,,China,1
https://www.skypixel.com/users/djiuser-w3pkp9zx1shj,manu_valetini_djiaceman,Australia,10
https://www.skypixel.com/users/djiuser-mfqidq1fwdsw,Dragon drone,Malaysia,6
https://www.skypixel.com/users/djiuser-8irndy4vrihy,Alberto giustina,Argentina,1
https://www.skypixel.com/users/md-jubayer-rana,Md.Jubayer Rana,,3
https://www.skypixel.com/users/djiuser-8bdljfhgwnzh,Jiafu_Wei,China,1
https://www.skypixel.com/users/djiuser-bfrv29fegrah,Photo Zoom Videography,Greece,1,https://www.facebook.com/photozoom2018/?ref=page_internal
https://www.skypixel.com/users/djiuser-2nkkhhccxodo,SKYZ,United States,232
https://www.skypixel.com/users/djiuser-r0chfnubrc1x,Logan stuckey,United States,1
https://www.skypixel.com/users/luckybo-c21b3d3c-a4c4-4816-ac1c-47bd23f3f0dc,sanato ohnishi,Japan,237,https://www.facebook.com/SanatoOhnishi,https://twitter.com/luckyboy3710,https://www.instagram.com/luckyboy3710/?hl=ja,https://luckyboy3710.myportfolio.com/
https://www.skypixel.com/users/f36d2591-a003-4f05-b477-c9a42240e138,,,1
https://www.skypixel.com/users/37e97a86-1331-44c0-b15d-41f3163a3670,,,1
https://www.skypixel.com/users/luochuanxu,Czernobog,China,4
https://www.skypixel.com/users/djiuser-a7up8awh5zmn,Age,Australia,1
https://www.skypixel.com/users/7673599817,7673599817,,1
https://www.skypixel.com/users/myankhsign,Kedy,United Kingdom,4
https://www.skypixel.com/users/olmosff,olmosff,Brazil,1
https://www.skypixel.com/users/djiuser-fos6za6odmlt,danilov_vg,Ukraine,10
https://www.skypixel.com/users/djiuser-xgs5fc9vx5aw,Davide Michetti,Italy,8
https://www.skypixel.com/users/djiuser-zhfzifw4tfqj,Keri Chastain,United States,1
https://www.skypixel.com/users/djiuser-webi479zayyf,,China,1
https://www.skypixel.com/users/1439911830_user,,China,249
https://www.skypixel.com/users/djiuser-rch2pffusi9p,RodrigoFlores94,,3
https://www.skypixel.com/users/djiuser-2yvwfmvvka9h,dji_liangshan,China,3
https://www.skypixel.com/users/nedyarb,Brayden Huffman-Photography,United States,49,https://www.facebook.com/BraydenHuffmanPhotography,https://twitter.com/BraydenHImagery,https://www.instagram.com/braydenhuffmanphotography/,https://www.braydenhuffmanphotography.com/
https://www.skypixel.com/users/djiuser-vpaghchqrrei,Tom Selway,Australia,2
https://www.skypixel.com/users/djiuser-o6vnvnnuievi,Aithra,Japan,10,https://www.instagram.com/aithra_kirito/,https://aithrainc.com/
https://www.skypixel.com/users/d3c8fe50-045d-4782-8d68-81c531acb07e,,,1
https://www.skypixel.com/users/aviation-b9222c57-786e-48c8-a755-9e05005cd3ed,JantzerAviation,United States,3
https://www.skypixel.com/users/djiuser-wrwgwkayaqys,,China,1
https://www.skypixel.com/users/csolo28,Abdel,France,1
https://www.skypixel.com/users/djiuser-avfatzpbysgv,djiuser_avfAtzPBYsgv,China,10
https://www.skypixel.com/users/djiuser-s6ak673g8xkh,f_schimmenti,United States,14
https://www.skypixel.com/users/djiuser-hecgjc1zmzsj,SebSeb MINI,Philippines,1
https://www.skypixel.com/users/djiuser-mbgszdpgahka,lgallucci,Brazil,2
https://www.skypixel.com/users/djiuser-nie1opqq1hrg,Deimos150573,Italy,4
https://www.skypixel.com/users/djiuser-dyuybjkzohnm,Rita Panova,Russian Federation,4,https://www.facebook.com/ritapanova.ru,https://www.instagram.com/ritapanova.ru/
https://www.skypixel.com/users/coreypo-a8c8c06a-be4d-4d78-a794-51b6c57b76a4,fuck you,United States,1
https://www.skypixel.com/users/djiuser-2xmjrtjg288l,Tbsonam12,United States,1
https://www.skypixel.com/users/djiuser-btlsypbwcxj4,,Brazil,16
https://www.skypixel.com/users/djiuser-xv7rfxzpq0um,djiuser_Xv7RfxZpQ0Um,China,3
https://www.skypixel.com/users/yuri-estrada,,Mexico,7
https://www.skypixel.com/users/84433270,Joe_Ni,China,4
https://www.skypixel.com/users/onlymap480,MY sky high Pho tog Roph,United States,1
https://www.skypixel.com/users/carl-8defbd53-d3f7-45d7-9433-842b5d8eebb3,Carl,Australia,1
https://www.skypixel.com/users/djiuser-nnk0zwkr5bad,Gabiepeace,Australia,1
https://www.skypixel.com/users/djiuser-u0u0a3jqlkkd,,India,1
https://www.skypixel.com/users/alextzj_user,Alex Teng,Australia,2
https://www.skypixel.com/users/djiuser-oemj1ff27rjm,evego1898,China,1
https://www.skypixel.com/users/djiuser-rekzwcxdptgq,Real_Bwaite,Germany,1,https://linktr.ee/real_bwaite
https://www.skypixel.com/users/djiuser-uzv5nlvqzcil,Gabix,France,10
https://www.skypixel.com/users/djiuser-upqeue7fpyvm,Kostasvasil,Greece,8
https://www.skypixel.com/users/vivek-98881388-e313-4985-9782-e6f4980f08b4,lenstravelier,India,1,https://www.facebook.com/lenstravelier,https://twitter.com/lenstravelier,https://instagram.com/lenstravelier,https://lenstravelier.com/
https://www.skypixel.com/users/bfausti,Ben Fausti,Australia,5
https://www.skypixel.com/users/barla-91,Matteo Barlascini,Italy,18,https://www.instagram.com/teo_barla_/
https://www.skypixel.com/users/djiuser-uoyvl7rrkgae,wolfspider,China,1
https://www.skypixel.com/users/djiuser-2x29qgomz56c,djiuser_2X29QgomZ56C,India,1
https://www.skypixel.com/users/djiuser-dpxubi2cms9h,Pio Andrea Peri,Italy,333,https://www.facebook.com/PioAndreaPeri,https://twitter.com/PioAndreaPeri,https://www.instagram.com/pioandreaperi/
https://www.skypixel.com/users/djiuser-pkbi1l8eev5p,Daniel Grassl,Italy,1
https://www.skypixel.com/users/515647703,ONE,China,134,https://weibo.com/1678777395/
https://www.skypixel.com/users/djiuser-aohhlcbcxeft,Sky flyer,Czech Republic,37
https://www.skypixel.com/users/djiuser-tnoomzb96q80,Muhammad Jubayer Molla,Bangladesh,11
https://www.skypixel.com/users/djiuser-8bfe8ctpmstm,PTrendy,Solomon Islands,10
https://www.skypixel.com/users/djiuser-pl4vkops5pd9,,Germany,6,https://www.instagram.com/drone.dude040/
https://www.skypixel.com/users/djiuser-erumbt5asjbn,,China,2
https://www.skypixel.com/users/djiuser-drafgqf7tzie,noamkush,Israel,3
https://www.skypixel.com/users/djiuser-kw9w0aou25om,fants168,China,4
https://www.skypixel.com/users/shenwei-ce8e1286-f572-4d53-9c69-ddb7e899e6bf,Parker,China,322
https://www.skypixel.com/users/djiuser-va9o7dnq5ea4,meanderquest,Germany,1
https://www.skypixel.com/users/florentino-gastelum,tinogas,Mexico,5
https://www.skypixel.com/users/OlivierJean-ed7b81a0-807c-45de-b0f7-60db61a1644f,,France,1
https://www.skypixel.com/users/djiuser-qabxo1d64pgu,Sinematic,Germany,36
https://www.skypixel.com/users/2ab178a,,China,2
https://www.skypixel.com/users/jjmaghi,,Philippines,4
https://www.skypixel.com/users/djiuser-ts3jbkkrzdvq,"Carlos ""Grury"" Santos",Finland,117,https://grury.gallery/
https://www.skypixel.com/users/djiuser-aaaczdo9o4t2,,China,1
https://www.skypixel.com/users/djiuser-ve2imlvvwqze,Jay106,China,1
https://www.skypixel.com/users/Madara-8c0756e9-4946-4abb-bc26-26767a3c120f,Gianluca Nardi,Italy,1
https://www.skypixel.com/users/djiuser-wlkrjxsg8mnx,Julius Godinez,Mexico,2
https://www.skypixel.com/users/djiuser-utikadfdyscr,,China,7
https://www.skypixel.com/users/djiuser-vcm7y1ygfnkz,Freez Carver,United States,4
https://www.skypixel.com/users/djiuser-mx3uzbzrqwnu,djiuser_mx3UZBzrqWnu,United States,21
https://www.skypixel.com/users/peris-papadopoulos,peris papadopoulos,Greece,5
https://www.skypixel.com/users/djiuser-zwi8gw4xos35,Andrea Baitelli,Italy,36
https://www.skypixel.com/users/mada_ci,#VROOGH,Indonesia,1,https://www.facebook.com/PRASETYA.D.PERDANA,https://www.instagram.com/prime_verdana/,https://www.youtube.com/channel/UC138Mk9YexHZb89jsm130zA
https://www.skypixel.com/users/113250759,,China,33
https://www.skypixel.com/users/djiuser-futmlpa6s6wf,JPO,Argentina,7
https://www.skypixel.com/users/djiuser-wdmgcgl1j3vf,Carrey,China,2
https://www.skypixel.com/users/djiuser-saxsrw1aamfu,jee media,,2
https://www.skypixel.com/users/djiuser-do80jedkcebb,DJI 269115,China,131
https://www.skypixel.com/users/rh99662,Fan,China,155,https://500px.com.cn/MikeFanPhoto
https://www.skypixel.com/users/jerryjohnson-bdc58ea2-e0d3-444c-8eb0-02462c6b1f37,jerryfromthecape,United States,18,https://www.facebook.com/Jerryfromthecape
https://www.skypixel.com/users/djiuser-ct9b9dxglgng,Capturedfromthesky,Netherlands,3,https://instagram.com/capturedfromthesky
https://www.skypixel.com/users/djiuser-ebyurp29alvd,,France,23,https://www.instagram.com/ludodji/
https://www.skypixel.com/users/djiuser-z2xnl7bwrp1b,djiuser_z2XnL7BwRP1B,China,9
https://www.skypixel.com/users/413f559,,China,2
https://www.skypixel.com/users/djiuser-axif1cbjc1x1,Frank Deblon Photography,Belgium,1,https://www.frankdeblon.myportfolio.com/
https://www.skypixel.com/users/2754ca4,,China,7
https://www.skypixel.com/users/djiuser-dflvcclmgy0f,DJIMAVICFABIO,Italy,2
https://www.skypixel.com/users/djiuser-ock8ojbg3hmj,djiuser_ocK8OJBG3hMJ,Spain,6
https://www.skypixel.com/users/william-garibaldi,William Garibaldi,United States,24,https://twitter.com/StreetzMuggy
https://www.skypixel.com/users/djiuser_eqjxst7seo9a,Jabi Sanz Photography,Spain,40,https://www.facebook.com/JabiSanzPhotography/,https://twitter.com/SanzJabi,https://www.instagram.com/jabisanz/,https://www.jabisanzphotography.com/
https://www.skypixel.com/users/djiuser-ezydrncnqf2u,Steve_Hunt_Photo,United Kingdom,2
https://www.skypixel.com/users/djiuser-vdfh1jxmbpbc,IrMaizlanMaizan,Malaysia,8
https://www.skypixel.com/users/kelsy_m,Kelsy Macuacua,Mozambique,8
https://www.skypixel.com/users/nglam88,Lam Chun,Hong Kong,2
https://www.skypixel.com/users/djiuser-np0hbtdcvbxq,,China,9
https://www.skypixel.com/users/bcamado,Bruno,Brazil,8
https://www.skypixel.com/users/office-039da464-db22-41fd-a919-721bffaf1194,Nelstill,Romania,294,https://www.facebook.com/nelstill,https://twitter.com/Nelstill,https://www.instagram.com/nelugheorghe,https://www.youtube.com/c/Nelstill
https://www.skypixel.com/users/djiuser-tncr8qb5fdgi,Air2,China,1
https://www.skypixel.com/users/djiuser-qn7g9sessafj,,China,3
https://www.skypixel.com/users/djiuser-wfdwcr0ghjl5,Pigkatano,China,1
https://www.skypixel.com/users/djiuser-odazkwsvzpve,djiuser_JFlyte,United States,3
https://www.skypixel.com/users/djiuser-xve4jgkp715v,dji mini 2 súper construction,United States,2
https://www.skypixel.com/users/djiuser-6frbatilvdic,Matthew M Kelly,Australia,3
https://www.skypixel.com/users/djiuser-l2bb0wiiba0a,djiuser_l2bb0WiIBa0A,China,2
https://www.skypixel.com/users/stefan-a156462c-ca90-4ea8-b8f4-f3d0bbedf9d1,stefan-a156462c-ca90-4ea8-b8f4-f3d0bbedf9d1,Namibia,1
https://www.skypixel.com/users/djiuser-7ebn8fkqnfk4,djiuser_7ebN8Fkqnfk4,Australia,1
https://www.skypixel.com/users/djiuser-cdsuqxljewq7,,China,3
https://www.skypixel.com/users/luissfdo,Luis F Fernandez - Patrioka,Mexico,2,https://www.facebook.com/luisfernando.fernandez.31/,https://www.instagram.com/luissfer_fc
https://www.skypixel.com/users/djiuser-s3tjjexqvbok,Andrea Arzilli,Italy,3
https://www.skypixel.com/users/djiuser-yo8sobs5tl2m,djiuser_yo8sOBs5Tl2m,China,1
https://www.skypixel.com/users/djiuser-5z5nacb5yq17,,China,3
https://www.skypixel.com/users/djiuser-kj8a5hyrlk3q,Jesse James,Jamaica,10,https://twitter.com/sir__jamez,https://www.instagram.com/sir__jamez/
https://www.skypixel.com/users/djiuser-pmkrgglffgcw,Mini 2,United States,3
https://www.skypixel.com/users/oliva-t,Tom,Brazil,5
https://www.skypixel.com/users/djiuser-5axbck50iany,djiuser_5axbcK50IanY,,5
https://www.skypixel.com/users/djiuser-cp7ofiumaqkv,jhonny666,Chile,4
https://www.skypixel.com/users/djiuser-uywsbxisrbi0,djiuser_uywsBXIsrBI0,China,3
https://www.skypixel.com/users/djiuser-cpv9lofoj1ih,FlyingKite,United States,2
https://www.skypixel.com/users/djiuser-63w3hzotlqjt,djiuser_63w3HZOtLqjt,China,1
https://www.skypixel.com/users/vannini-baf688fb-e056-41fb-aaad-86197a2e48c6,LIUKFIRENZE,Italy,20
https://www.skypixel.com/users/evuny5,Evelyn,Spain,108
https://www.skypixel.com/users/ea8767a5-e4f7-4b1a-b4a2-24ff74221a2d,,,5
https://www.skypixel.com/users/djiuser-xjbua7caflco,Tvorobushek,Russian Federation,1
https://www.skypixel.com/users/djiuser-znylunvdsfxx,,China,1
https://www.skypixel.com/users/172202385,,Belgium,1
https://www.skypixel.com/users/djiuser-3xwnygfo9i6q,,China,94
https://www.skypixel.com/users/djiuser-xut1ho52ztil,,China,1
https://www.skypixel.com/users/1779974979_user,,China,63
https://www.skypixel.com/users/amg891205,Alejandro Morales Gómez,Mexico,2,https://instagram.com/p/Blos90ygbG0/
https://www.skypixel.com/users/djiuser-kvfusotpymyg,djiuser_kVfuSOtpYMYg,France,16
https://www.skypixel.com/users/djiuser-hhlsls5okskc,aristiandji,Taiwan,2
https://www.skypixel.com/users/djiuser-fgeqldtavfdb,e,China,2
https://www.skypixel.com/users/djiuser-jfdo9dnl4edw,Jimmy,China,58,https://www.instagram.com/jimmy_messi/
https://www.skypixel.com/users/bradyan,,,1
https://www.skypixel.com/users/malyutins,Sergey Malyutin,Belarus,1316,https://www.facebook.com/malyutin.sergey.v,https://www.instagram.com/malyutins/,https://vochi.ai/
https://www.skypixel.com/users/djiuser-rd6mar2vt1ec,Maybellene Strange,Ukraine,76,https://www.facebook.com/irena.skuratovska/
https://www.skypixel.com/users/paccs1269,PACCS1269,Puerto Rico,30
https://www.skypixel.com/users/djiuser-bvhxaaneaaqq,djiuser_BvHxaaNEAAqQ,,1
https://www.skypixel.com/users/djiuser-igcxirrmmaci,Azel,United States,1
https://www.skypixel.com/users/49655fb,,China,5
https://www.skypixel.com/users/djiuser-oxllgkrrucu1,Lucas Campomori,Argentina,1
https://www.skypixel.com/users/djiuser-dwotqj8cox0j,Brad & Ally Cooper,Australia,1,https://www.instagram.com/invites/contact/?i=15jgq6eqqvwai&utm_content=2a5j5
https://www.skypixel.com/users/diamir8000-e17bf391-d724-4be4-9eb4-dd9308fbf0e7,Diego,Spain,1
https://www.skypixel.com/users/2db85ef,bt1018,China,24
https://www.skypixel.com/users/djiuser-v19jjtteabdm,deya,,4
https://www.skypixel.com/users/djiuser-go9cf8qjghsq,,China,1
https://www.skypixel.com/users/djiuser-f9nckvkiyqh2,,China,1
https://www.skypixel.com/users/djiuser-mvkvmiecy8yq,,,5
https://www.skypixel.com/users/shawnsl,Shawn slattery,United States,1
https://www.skypixel.com/users/djiuser-reowdpssobee,djiuser_rEoWDpSsobeE,China,1
https://www.skypixel.com/users/344037535,GL602,China,1
https://www.skypixel.com/users/djiuser-9qdnq0xzi6nz,TechnoBlade6553,,1
https://www.skypixel.com/users/djiuser-kziwpavzjuhs,,Netherlands,4,https://www.facebook.com/pbeckers40,https://www.instagram.com/drone_paul_beckers_/
https://www.skypixel.com/users/djiuser-glyfclxwpryv,Poths,China,57
https://www.skypixel.com/users/John-814dfb30-5015-491c-8542-85783426d40e,,,2
https://www.skypixel.com/users/djiuser-4hdwxbigadqc,Theo Rieken,Germany,1
https://www.skypixel.com/users/calldjseanbass,DJ Sean Bass,United States,2
https://www.skypixel.com/users/NikhilSawant-480dfb6d-6d91-4949-98fd-630b879c9a90,Nikhil Sawant,India,6,https://www.facebook.com/sawant.nik9494/,https://twitter.com/mi__nikhil,https://www.instagram.com/mi.nikhil/
https://www.skypixel.com/users/dicolenrv,,Philippines,1
https://www.skypixel.com/users/428adf8,,China,1
https://www.skypixel.com/users/djiuser-kyxoe94vrbpu,SuazzOn,United States,1
https://www.skypixel.com/users/djiuser-u9kotoi6rliw,,China,2
https://www.skypixel.com/users/djiuser-qwica7cr5oyj,djiuser_QwICa7CR5oYj,,10
https://www.skypixel.com/users/djiuser-zfnwwlfx5caj,Jon Runar,Norway,1
https://www.skypixel.com/users/george-cr,GEO,United States,5
https://www.skypixel.com/users/djiuser-xabmlumo4vlc,,United States,9
https://www.skypixel.com/users/djiuser-grpzyyryof7d,,,2
https://www.skypixel.com/users/comasto,Tropicalllama,Australia,1
https://www.skypixel.com/users/djiuser-bo485o8ffuqz,Steven Junior Haddad,Lebanon,2
https://www.skypixel.com/users/djiuser-lympjeappddn,Daniel dias dornelles,Brazil,1
https://www.skypixel.com/users/djiuser-fkxpxkbegm4y,MAGICHOUR,China,8
https://www.skypixel.com/users/djiuser-pqa8gke02tst,leepaul,United Kingdom,1
https://www.skypixel.com/users/djiuser-f0n6oemoq6iy,elkdtdelabanda,United States,1
https://www.skypixel.com/users/djiuser-nxmewpqtyyvs,,France,1
https://www.skypixel.com/users/djiuser-6nyka450ygx3,Mauro,United States,7
https://www.skypixel.com/users/zeljko-26d24f07-8c33-419b-b992-f177818342d2,Zeljko,Croatia,1
https://www.skypixel.com/users/djiuser-rv8ivzrrkggz,ZYH,China,3
https://www.skypixel.com/users/djiuser-hnhzlqwnr9c5,Henry Air,Germany,43
https://www.skypixel.com/users/antesija,Ante & Sija,France,318,https://www.facebook.com/antesija/,https://twitter.com/antesijaphoto,https://www.instagram.com/antesijaphoto,https://www.antesija.com/
https://www.skypixel.com/users/djiuser-vqdnhnwkztbm,Binyamin,Ecuador,4
https://www.skypixel.com/users/954909544,,China,4
https://www.skypixel.com/users/djiuser-eg23oow1dcyp,RobomasterS1,,130
https://www.skypixel.com/users/djiuser-ks85toubadme,Furaha,"Tanzania, United Republic of",11
https://www.skypixel.com/users/djiuser-nm5c50mh7wry,Winston Mitchell,Canada,384
https://www.skypixel.com/users/djiuser-crf7ekj2qh4v,djiuser_CRF7EkJ2Qh4v,United States,13
https://www.skypixel.com/users/1831132872,Reylo,China,72
https://www.skypixel.com/users/djiuser-r1rkoxtabaem,,China,7
https://www.skypixel.com/users/21jackson,JACKSONAYUAN,Australia,188
https://www.skypixel.com/users/bogdano-1adea424-05b9-4a73-ae97-b48922477e16,Bogdanov999,Russian Federation,23
https://www.skypixel.com/users/felipeb-764ce0c5-c924-40fb-829f-2907837d0cf4,Felipe Barros,Brazil,4,https://www.instagram.com/felipebarrosphotos/
https://www.skypixel.com/users/djiuser-ya6lekrprp6v,Error,,26
https://www.skypixel.com/users/djiuser-0zph7idfoqng,djiuser_0zpH7IdfoQng,United States,1
https://www.skypixel.com/users/djiuser-pknzeqqf5h8d,djiuser_PKnZEQqF5h8D,,1
https://www.skypixel.com/users/29ae49ee-4076-4bd7-9ebb-ce8c0fc87a94,  LEANG TEDTHAN,Cambodia,19
https://www.skypixel.com/users/djiuser-g7ihlhxa1avy,djiuser_G7IhLhxA1AvY,United States,2
https://www.skypixel.com/users/djiuser-xh9bpyzlyxbq,Highfly_3r,Australia,3,https://www.instagram.com/highfly_3r/
https://www.skypixel.com/users/38472-27603-26032,,,27
https://www.skypixel.com/users/imseenr,imseenr... drone,India,1
https://www.skypixel.com/users/djiuser-f8vepvsm54oj,djiuser_f8VEpVsM54oJ,United States,6
https://www.skypixel.com/users/djiuser-arrcelatf9tp,marciofrankm,Brazil,8
https://www.skypixel.com/users/djiuser-oqadnsfdtn8x,Sumba Drone,Indonesia,2
https://www.skypixel.com/users/djiuser-jyblmz7dqu7r,,China,8
https://www.skypixel.com/users/2bbd20d,B1ggs,China,507
https://www.skypixel.com/users/07b5af2d-bd82-4e44-a80f-f9a2df49d179,,,1
https://www.skypixel.com/users/djiuser_cvd4ohlibtdq,shawn998,China,3
https://www.skypixel.com/users/2810767639,Samson,China,10
https://www.skypixel.com/users/djiuser-ixyp1s6pegph,,China,3
https://www.skypixel.com/users/djiuser-grmicg9uo7ky,djiuser_grmICg9UO7ky,China,1
https://www.skypixel.com/users/djiuser-ckcherpsr0mt,Hyza144,Germany,5
https://www.skypixel.com/users/djiuser-lzaj2wpxmhxg,Barahona_CJ,Peru,1
https://www.skypixel.com/users/djiuser-pkgawrc4fqsi,djiuser_PkGAwrC4FqsI,,6
https://www.skypixel.com/users/djiuser-766vlgi9dc3i,djiuser_766Vlgi9dC3i,China,1
https://www.skypixel.com/users/djiuser-f4wh2kle5obr,LukeHayes05,United Kingdom,31
https://www.skypixel.com/users/djiuser-bbxvdvibezdw,Andi,United Kingdom,5
https://www.skypixel.com/users/djiuser-k6d9elacvbur,djiuser_K6D9elACVbUr,Germany,136
https://www.skypixel.com/users/djiuser-8ekdqhkpy7kn,Paulo Chefaly,Brazil,2
https://www.skypixel.com/users/djiuser-qpisozthukul,jeisson,,3
https://www.skypixel.com/users/jarnobe,DF81,Netherlands,2
https://www.skypixel.com/users/djiuser-f4gmguvyxdh1,,China,1
https://www.skypixel.com/users/490003141,zoe.Jlang,China,2
https://www.skypixel.com/users/120639b3-d8e8-4227-9001-255a0b02eb4f,,,1
https://www.skypixel.com/users/s-benec,Sascha,Germany,1
https://www.skypixel.com/users/djiuser-dywjyvqm6nvo,djiuser_garcia,Sweden,9
https://www.skypixel.com/users/djiuser-foibxiop6mxi,,China,3
https://www.skypixel.com/users/djiuser-pvgslq9z5al5,tyaglovsky,Ukraine,1,https://www.instagram.com/tyaglovsky/
https://www.skypixel.com/users/djiuser-w2lzawxmvtyj,Waqar Haider,Pakistan,7
https://www.skypixel.com/users/tony-aguilar-8fe75d14-dd99-4ba0-ac30-2b30e6ad117e,"Elevated Image Solutions, LLC",United States,110,https://www.facebook.com/elevatedimagesolutions/,https://twitter.com/ElevImageSolns,https://www.instagram.com/elevatedimagesolutions/,https://www.elevatedimagesolutions.com/
https://www.skypixel.com/users/djiuser-rmglrypg6kor,,China,2
https://www.skypixel.com/users/darevalo,Diego Arévalo,Colombia,8
https://www.skypixel.com/users/djiuser-xlqiulphvupi,MrFly,Italy,8
https://www.skypixel.com/users/382851055,,China,44
https://www.skypixel.com/users/arzad79,G&M,"Korea, Republic of",1
https://www.skypixel.com/users/5dd19fde-1c45-468d-8e9c-a6a3ad75cc50,,,1
https://www.skypixel.com/users/djiuser-elecquow7epo,Zane W M,United States,1
https://www.skypixel.com/users/jsproul-51c8632d-6ade-430e-9122-948d07c4820c,james,United States,2
https://www.skypixel.com/users/djiuser-fa2uqm09njia,djiuser_FA2UQm09njia,"Korea, Republic of",1
https://www.skypixel.com/users/djiuser-46gy3gq04f22,,China,95,https://500px.com.cn/community/user-details/cd34c38e24bc2aa8a6e351d69171c4134
https://www.skypixel.com/users/flyingf-770d1873-f095-424d-b55c-9eb5d2afa8ea,flyingforttLLC.,United States,3
https://www.skypixel.com/users/djiuser-nphydf7b9rh3,J3HX X1,Papua New Guinea,2
https://www.skypixel.com/users/44a68a48-ea5d-4a4c-b22d-cd9bcf25d695,~~,,2
https://www.skypixel.com/users/793609920,©,China,75
https://www.skypixel.com/users/djiuser-awsn5mwn7wmi,,China,7
https://www.skypixel.com/users/djiuser-lqas5tnlhurh,Dazzas_Drone,Australia,2
https://www.skypixel.com/users/djiuser-fjdszegem2rs,,Brazil,2
https://www.skypixel.com/users/djiuser-g3yrmgts86zc,djiuser_g3YrMgTS86zC,Italy,2
https://www.skypixel.com/users/djiuser-5l9nfnb9ese0,djiuser_5l9nfnb9EsE0,China,2
https://www.skypixel.com/users/djiuser-qic7hzxorade,Power Wagon,Canada,2
https://www.skypixel.com/users/7a6c119b-cc23-4b5d-8c4d-4126eb282af2,,,2
https://www.skypixel.com/users/djiuser-28rwqcffrrsm,djiuser_28RwQCfFrRSM,Malaysia,2
https://www.skypixel.com/users/djiuser-p2nqyrthilz0,eyphoriaa,United States,164
https://www.skypixel.com/users/djiuser-ninnbkrklkq6,djiuser_NinNBkrKlKQ6,Russian Federation,2
https://www.skypixel.com/users/djiuser-bht3wea3azgz,djiuser_BHt3WEA3aZGZ,Italy,2
https://www.skypixel.com/users/djiuser-h79ujp1niot2,Daisy,China,3
https://www.skypixel.com/users/djiuser-bio75opyvvi9,djiuser_woneil,United States,2
https://www.skypixel.com/users/ron525,Ron Mahabir,United States,2
https://www.skypixel.com/users/djiuser-baxbo5seifwl,,United States,0
https://www.skypixel.com/users/djiuser-seoni9qp10wa,djiuser_sEONI9QP10WA,Philippines,0
https://www.skypixel.com/users/djiuser-9jll0ocmgy5a,,Australia,0
https://www.skypixel.com/users/djiuser_gncifiorcpbg,,China,182
https://www.skypixel.com/users/djiuser-otig4rabktdz,,United States,53
https://www.skypixel.com/users/djiuser-smh6q2hz9jsd,,South Africa,0
https://www.skypixel.com/users/djiuser-eveuvbdl3da3,,Australia,0
https://www.skypixel.com/users/djiuser-y79d42mpki2e,Skymaster,Germany,26
https://www.skypixel.com/users/993391418,,,0
https://www.skypixel.com/users/djiuser-9ohpfae66h9v,,,0
https://www.skypixel.com/users/djiuser-acbnmzmdnmo0,,United States,0
